{
		"_id": "ppgunreceiver",
		"_name": "ppgunreceiver",
		"_parent": "55818a304bdc2db5418b457d",
		"_type": "Item",
		"_props": {
			"Name": "ppgunreceiver",
			"ShortName": "ppgunreceiver",
			"Description": "ppgunreceiver",
			"Weight": 0.19,
			"BackgroundColor": "blue",
			"Width": 2,
			"Height": 1,
			"StackMaxSize": 1,
			"Rarity": "Superrare",
			"SpawnChance": 4,
			"CreditsPrice": 9200,
			"ItemSound": "mod",
			"Prefab": {
				"path": "assets/content/items/mods/recievers/reciever_ar15_lone_star_tx15_lightweight.bundle",
				"rcid": ""
			},
			"UsePrefab": {
				"path": "",
				"rcid": ""
			},
			"StackObjectsCount": 1,
			"NotShownInSlot": false,
			"ExaminedByDefault": false,
			"ExamineTime": 1,
			"IsUndiscardable": false,
			"IsUnsaleable": false,
			"IsUnbuyable": false,
			"IsUngivable": false,
			"IsLockedafterEquip": false,
			"QuestItem": false,
			"LootExperience": 10,
			"ExamineExperience": 2,
			"HideEntrails": false,
			"RepairCost": 0,
			"RepairSpeed": 0,
			"ExtraSizeLeft": 0,
			"ExtraSizeRight": 0,
			"ExtraSizeUp": 0,
			"ExtraSizeDown": 0,
			"ExtraSizeForceAdd": false,
			"MergesWithChildren": true,
			"CanSellOnRagfair": true,
			"CanRequireOnRagfair": true,
			"BannedFromRagfair": false,
			"ConflictingItems": [],
			"FixedPrice": false,
			"Unlootable": false,
			"UnlootableFromSlot": "FirstPrimaryWeapon",
			"UnlootableFromSide": [],
			"ChangePriceCoef": 1,
			"AllowSpawnOnLocations": [],
			"SendToClient": false,
			"AnimationVariantsNumber": 0,
			"DiscardingBlock": false,
			"Grids": [],
			"Slots": [
				{
					"_name": "mod_barrel",
					"_id": "5d4405aaa4b9361e6a4e6bd6",
					"_parent": "5d4405aaa4b9361e6a4e6bd3",
					"_props": {
						"filters": [
							{
								"Shift": 0,
								"Filter": [
									"ppgunbarrel"
								]
							}
						]
					},
					"_required": true,
					"_mergeSlotWithChildren": false,
					"_proto": "55d30c4c4bdc2db4468b457e"
				},
				{
					"_name": "mod_handguard",
					"_id": "5d4405aaa4b9361e6a4e6bd7",
					"_parent": "5d4405aaa4b9361e6a4e6bd3",
					"_props": {
						"filters": [
							{
								"Shift": 0,
								"Filter": [
									"ppgunhandguard"
								]
							}
						]
					},
					"_required": true,
					"_mergeSlotWithChildren": false,
					"_proto": "55d30c4c4bdc2db4468b457e"
				},
				{
					"_name": "mod_sight_rear",
					"_id": "5d4405aaa4b9361e6a4e6bd8",
					"_parent": "5d4405aaa4b9361e6a4e6bd3",
					"_props": {
						"filters": [
							{
								"Shift": 0,
								"Filter": [
									"ppgunshroud"
								]
							}
						]
					},
					"_required": false,
					"_mergeSlotWithChildren": false,
					"_proto": "55d30c4c4bdc2db4468b457e"
				}
			],
			"CanPutIntoDuringTheRaid": true,
			"CantRemoveFromSlotsDuringRaid": [],
			"Durability": 100,
			"Accuracy": 0,
			"Recoil": -2,
			"Loudness": 0,
			"EffectiveDistance": 0,
			"Ergonomics": 6,
			"Velocity": 0,
			"RaidModdable": true,
			"ToolModdable": true,
			"BlocksFolding": false,
			"BlocksCollapsible": false,
			"IsAnimated": false,
			"HasShoulderContact": false,
			"SightingRange": 0
		},
		"_proto": "55d355e64bdc2d962f8b4569"
	}